id,name,category,subCategory,brand,image
fashion-men-1,Nike Men's Classic Cotton Shirt,fashion,men fashion,Nike,
fashion-men-2,Adidas Men's Premium Casual T-Shirt,fashion,men fashion,Adidas,
fashion-men-3,Zara Men's Slim Fit Jeans,fashion,men fashion,Zara,
fashion-men-4,Puma Men's Everyday Hoodie,fashion,men fashion,Puma,
fashion-men-5,Levi's Men's Tailored Jacket,fashion,men fashion,Levi's,
fashion-men-6,H&M Men's Comfort Trousers,fashion,men fashion,H&M,
fashion-men-7,Uniqlo Men's Formal Oxford Shirt,fashion,men fashion,Uniqlo,
fashion-men-8,Tommy Hilfiger Men's Denim Jacket,fashion,men fashion,Tommy Hilfiger,
fashion-men-9,Calvin Klein Men's Polo T-Shirt,fashion,men fashion,Calvin Klein,
fashion-men-10,Reebok Men's Cargo Trousers,fashion,men fashion,Reebok,
fashion-men-11,Nike Men's Classic Cotton Shirt,fashion,men fashion,Nike,
fashion-men-12,Adidas Men's Premium Casual T-Shirt,fashion,men fashion,Adidas,
fashion-men-13,Zara Men's Slim Fit Jeans,fashion,men fashion,Zara,
fashion-men-14,Puma Men's Everyday Hoodie,fashion,men fashion,Puma,
fashion-men-15,Levi's Men's Tailored Jacket,fashion,men fashion,Levi's,
fashion-men-16,H&M Men's Comfort Trousers,fashion,men fashion,H&M,
fashion-men-17,Uniqlo Men's Formal Oxford Shirt,fashion,men fashion,Uniqlo,
fashion-men-18,Tommy Hilfiger Men's Denim Jacket,fashion,men fashion,Tommy Hilfiger,
fashion-men-19,Calvin Klein Men's Polo T-Shirt,fashion,men fashion,Calvin Klein,
fashion-men-20,Reebok Men's Cargo Trousers,fashion,men fashion,Reebok,
fashion-men-21,Nike Men's Classic Cotton Shirt,fashion,men fashion,Nike,
fashion-men-22,Adidas Men's Premium Casual T-Shirt,fashion,men fashion,Adidas,
fashion-men-23,Zara Men's Slim Fit Jeans,fashion,men fashion,Zara,
fashion-men-24,Puma Men's Everyday Hoodie,fashion,men fashion,Puma,
fashion-men-25,Levi's Men's Tailored Jacket,fashion,men fashion,Levi's,
fashion-men-26,H&M Men's Comfort Trousers,fashion,men fashion,H&M,
fashion-men-27,Uniqlo Men's Formal Oxford Shirt,fashion,men fashion,Uniqlo,
fashion-men-28,Tommy Hilfiger Men's Denim Jacket,fashion,men fashion,Tommy Hilfiger,
fashion-men-29,Calvin Klein Men's Polo T-Shirt,fashion,men fashion,Calvin Klein,
fashion-men-30,Reebok Men's Cargo Trousers,fashion,men fashion,Reebok,
fashion-men-31,Nike Men's Classic Cotton Shirt,fashion,men fashion,Nike,
fashion-men-32,Adidas Men's Premium Casual T-Shirt,fashion,men fashion,Adidas,
fashion-men-33,Zara Men's Slim Fit Jeans,fashion,men fashion,Zara,
fashion-men-34,Puma Men's Everyday Hoodie,fashion,men fashion,Puma,
fashion-men-35,Levi's Men's Tailored Jacket,fashion,men fashion,Levi's,
fashion-men-36,H&M Men's Comfort Trousers,fashion,men fashion,H&M,
fashion-men-37,Uniqlo Men's Formal Oxford Shirt,fashion,men fashion,Uniqlo,
fashion-men-38,Tommy Hilfiger Men's Denim Jacket,fashion,men fashion,Tommy Hilfiger,
fashion-men-39,Calvin Klein Men's Polo T-Shirt,fashion,men fashion,Calvin Klein,
fashion-men-40,Reebok Men's Cargo Trousers,fashion,men fashion,Reebok,
fashion-men-41,Nike Men's Classic Cotton Shirt,fashion,men fashion,Nike,
fashion-men-42,Adidas Men's Premium Casual T-Shirt,fashion,men fashion,Adidas,
fashion-men-43,Zara Men's Slim Fit Jeans,fashion,men fashion,Zara,
fashion-men-44,Puma Men's Everyday Hoodie,fashion,men fashion,Puma,
fashion-men-45,Levi's Men's Tailored Jacket,fashion,men fashion,Levi's,
fashion-men-46,H&M Men's Comfort Trousers,fashion,men fashion,H&M,
fashion-men-47,Uniqlo Men's Formal Oxford Shirt,fashion,men fashion,Uniqlo,
fashion-men-48,Tommy Hilfiger Men's Denim Jacket,fashion,men fashion,Tommy Hilfiger,
fashion-men-49,Calvin Klein Men's Polo T-Shirt,fashion,men fashion,Calvin Klein,
fashion-men-50,Reebok Men's Cargo Trousers,fashion,men fashion,Reebok,
fashion-women-1,Zara Women's Women’s Casual Top,fashion,women fashion,Zara,
fashion-women-2,H&M Women's Women’s Maxi Dress,fashion,women fashion,H&M,
fashion-women-3,Nike Women's Women’s Slim Fit Jeans,fashion,women fashion,Nike,
fashion-women-4,Adidas Women's Women’s Blouse,fashion,women fashion,Adidas,
fashion-women-5,Levi's Women's Women’s Summer Dress,fashion,women fashion,Levi's,
fashion-women-6,Mango Women's Women’s Pleated Skirt,fashion,women fashion,Mango,
fashion-women-7,Forever New Women's Women’s Tailored Jacket,fashion,women fashion,Forever New,
fashion-women-8,Calvin Klein Women's Women’s Wide-Leg Trousers,fashion,women fashion,Calvin Klein,
fashion-women-9,Puma Women's Women’s Party Dress,fashion,women fashion,Puma,
fashion-women-10,Vero Moda Women's Women’s Cotton Shirt,fashion,women fashion,Vero Moda,
fashion-women-11,Zara Women's Women’s Casual Top,fashion,women fashion,Zara,
fashion-women-12,H&M Women's Women’s Maxi Dress,fashion,women fashion,H&M,
fashion-women-13,Nike Women's Women’s Slim Fit Jeans,fashion,women fashion,Nike,
fashion-women-14,Adidas Women's Women’s Blouse,fashion,women fashion,Adidas,
fashion-women-15,Levi's Women's Women’s Summer Dress,fashion,women fashion,Levi's,
fashion-women-16,Mango Women's Women’s Pleated Skirt,fashion,women fashion,Mango,
fashion-women-17,Forever New Women's Women’s Tailored Jacket,fashion,women fashion,Forever New,
fashion-women-18,Calvin Klein Women's Women’s Wide-Leg Trousers,fashion,women fashion,Calvin Klein,
fashion-women-19,Puma Women's Women’s Party Dress,fashion,women fashion,Puma,
fashion-women-20,Vero Moda Women's Women’s Cotton Shirt,fashion,women fashion,Vero Moda,
fashion-women-21,Zara Women's Women’s Casual Top,fashion,women fashion,Zara,
fashion-women-22,H&M Women's Women’s Maxi Dress,fashion,women fashion,H&M,
fashion-women-23,Nike Women's Women’s Slim Fit Jeans,fashion,women fashion,Nike,
fashion-women-24,Adidas Women's Women’s Blouse,fashion,women fashion,Adidas,
fashion-women-25,Levi's Women's Women’s Summer Dress,fashion,women fashion,Levi's,
fashion-women-26,Mango Women's Women’s Pleated Skirt,fashion,women fashion,Mango,
fashion-women-27,Forever New Women's Women’s Tailored Jacket,fashion,women fashion,Forever New,
fashion-women-28,Calvin Klein Women's Women’s Wide-Leg Trousers,fashion,women fashion,Calvin Klein,
fashion-women-29,Puma Women's Women’s Party Dress,fashion,women fashion,Puma,
fashion-women-30,Vero Moda Women's Women’s Cotton Shirt,fashion,women fashion,Vero Moda,
fashion-women-31,Zara Women's Women’s Casual Top,fashion,women fashion,Zara,
fashion-women-32,H&M Women's Women’s Maxi Dress,fashion,women fashion,H&M,
fashion-women-33,Nike Women's Women’s Slim Fit Jeans,fashion,women fashion,Nike,
fashion-women-34,Adidas Women's Women’s Blouse,fashion,women fashion,Adidas,
fashion-women-35,Levi's Women's Women’s Summer Dress,fashion,women fashion,Levi's,
fashion-women-36,Mango Women's Women’s Pleated Skirt,fashion,women fashion,Mango,
fashion-women-37,Forever New Women's Women’s Tailored Jacket,fashion,women fashion,Forever New,
fashion-women-38,Calvin Klein Women's Women’s Wide-Leg Trousers,fashion,women fashion,Calvin Klein,
fashion-women-39,Puma Women's Women’s Party Dress,fashion,women fashion,Puma,
fashion-women-40,Vero Moda Women's Women’s Cotton Shirt,fashion,women fashion,Vero Moda,
fashion-women-41,Zara Women's Women’s Casual Top,fashion,women fashion,Zara,
fashion-women-42,H&M Women's Women’s Maxi Dress,fashion,women fashion,H&M,
fashion-women-43,Nike Women's Women’s Slim Fit Jeans,fashion,women fashion,Nike,
fashion-women-44,Adidas Women's Women’s Blouse,fashion,women fashion,Adidas,
fashion-women-45,Levi's Women's Women’s Summer Dress,fashion,women fashion,Levi's,
fashion-women-46,Mango Women's Women’s Pleated Skirt,fashion,women fashion,Mango,
fashion-women-47,Forever New Women's Women’s Tailored Jacket,fashion,women fashion,Forever New,
fashion-women-48,Calvin Klein Women's Women’s Wide-Leg Trousers,fashion,women fashion,Calvin Klein,
fashion-women-49,Puma Women's Women’s Party Dress,fashion,women fashion,Puma,
fashion-women-50,Vero Moda Women's Women’s Cotton Shirt,fashion,women fashion,Vero Moda,
fashion-women-51,Zara Women's Women’s Casual Top,fashion,women fashion,Zara,
fashion-women-52,H&M Women's Women’s Maxi Dress,fashion,women fashion,H&M,
fashion-women-53,Nike Women's Women’s Slim Fit Jeans,fashion,women fashion,Nike,
fashion-women-54,Adidas Women's Women’s Blouse,fashion,women fashion,Adidas,
fashion-women-55,Levi's Women's Women’s Summer Dress,fashion,women fashion,Levi's,
fashion-women-56,Mango Women's Women’s Pleated Skirt,fashion,women fashion,Mango,
fashion-women-57,Forever New Women's Women’s Tailored Jacket,fashion,women fashion,Forever New,
fashion-women-58,Calvin Klein Women's Women’s Wide-Leg Trousers,fashion,women fashion,Calvin Klein,
fashion-women-59,Puma Women's Women’s Party Dress,fashion,women fashion,Puma,
fashion-women-60,Vero Moda Women's Women’s Cotton Shirt,fashion,women fashion,Vero Moda,
fashion-women-61,Zara Women's Women’s Casual Top,fashion,women fashion,Zara,
fashion-women-62,H&M Women's Women’s Maxi Dress,fashion,women fashion,H&M,
fashion-women-63,Nike Women's Women’s Slim Fit Jeans,fashion,women fashion,Nike,
fashion-women-64,Adidas Women's Women’s Blouse,fashion,women fashion,Adidas,
fashion-women-65,Levi's Women's Women’s Summer Dress,fashion,women fashion,Levi's,
fashion-women-66,Mango Women's Women’s Pleated Skirt,fashion,women fashion,Mango,
fashion-women-67,Forever New Women's Women’s Tailored Jacket,fashion,women fashion,Forever New,
fashion-women-68,Calvin Klein Women's Women’s Wide-Leg Trousers,fashion,women fashion,Calvin Klein,
fashion-women-69,Puma Women's Women’s Party Dress,fashion,women fashion,Puma,
fashion-women-70,Vero Moda Women's Women’s Cotton Shirt,fashion,women fashion,Vero Moda,
fashion-kids-1,Nike Kids Kids Cotton T-Shirt,fashion,kids fashion,Nike Kids,
fashion-kids-2,Adidas Kids Kids Denim Jeans,fashion,kids fashion,Adidas Kids,
fashion-kids-3,Zara Kids Kids Hoodie,fashion,kids fashion,Zara Kids,
fashion-kids-4,H&M Kids Kids Casual Shirt,fashion,kids fashion,H&M Kids,
fashion-kids-5,Puma Kids Kids Party Dress,fashion,kids fashion,Puma Kids,
fashion-kids-6,Levi's Kids Kids Jogger Pants,fashion,kids fashion,Levi's Kids,
fashion-kids-7,Nike Kids Kids Summer Top,fashion,kids fashion,Nike Kids,
fashion-kids-8,Adidas Kids Kids Denim Jacket,fashion,kids fashion,Adidas Kids,
fashion-kids-9,Zara Kids Kids Cotton T-Shirt,fashion,kids fashion,Zara Kids,
fashion-kids-10,H&M Kids Kids Denim Jeans,fashion,kids fashion,H&M Kids,
fashion-kids-11,Puma Kids Kids Hoodie,fashion,kids fashion,Puma Kids,
fashion-kids-12,Levi's Kids Kids Casual Shirt,fashion,kids fashion,Levi's Kids,
fashion-kids-13,Nike Kids Kids Party Dress,fashion,kids fashion,Nike Kids,
fashion-kids-14,Adidas Kids Kids Jogger Pants,fashion,kids fashion,Adidas Kids,
fashion-kids-15,Zara Kids Kids Summer Top,fashion,kids fashion,Zara Kids,
fashion-kids-16,H&M Kids Kids Denim Jacket,fashion,kids fashion,H&M Kids,
fashion-kids-17,Puma Kids Kids Cotton T-Shirt,fashion,kids fashion,Puma Kids,
fashion-kids-18,Levi's Kids Kids Denim Jeans,fashion,kids fashion,Levi's Kids,
fashion-kids-19,Nike Kids Kids Hoodie,fashion,kids fashion,Nike Kids,
fashion-kids-20,Adidas Kids Kids Casual Shirt,fashion,kids fashion,Adidas Kids,
fashion-kids-21,Zara Kids Kids Party Dress,fashion,kids fashion,Zara Kids,
fashion-kids-22,H&M Kids Kids Jogger Pants,fashion,kids fashion,H&M Kids,
fashion-kids-23,Puma Kids Kids Summer Top,fashion,kids fashion,Puma Kids,
fashion-kids-24,Levi's Kids Kids Denim Jacket,fashion,kids fashion,Levi's Kids,
fashion-kids-25,Nike Kids Kids Cotton T-Shirt,fashion,kids fashion,Nike Kids,
fashion-kids-26,Adidas Kids Kids Denim Jeans,fashion,kids fashion,Adidas Kids,
fashion-kids-27,Zara Kids Kids Hoodie,fashion,kids fashion,Zara Kids,
fashion-kids-28,H&M Kids Kids Casual Shirt,fashion,kids fashion,H&M Kids,
fashion-kids-29,Puma Kids Kids Party Dress,fashion,kids fashion,Puma Kids,
fashion-kids-30,Levi's Kids Kids Jogger Pants,fashion,kids fashion,Levi's Kids,
footwear-men-1,Nike Men's Running Shoes,footwear,men footwear,Nike,
footwear-men-2,Adidas Men's Classic Leather Shoes,footwear,men footwear,Adidas,
footwear-men-3,Puma Men's Street Sneakers,footwear,men footwear,Puma,
footwear-men-4,Reebok Men's Comfort Sandals,footwear,men footwear,Reebok,
footwear-men-5,New Balance Men's Everyday Slippers,footwear,men footwear,New Balance,
footwear-men-6,Skechers Men's Trail Boots,footwear,men footwear,Skechers,
footwear-men-7,Clarks Men's Sports Trainers,footwear,men footwear,Clarks,
footwear-men-8,Bata Men's Canvas Sneakers,footwear,men footwear,Bata,
footwear-men-9,Nike Men's Running Shoes,footwear,men footwear,Nike,
footwear-men-10,Adidas Men's Classic Leather Shoes,footwear,men footwear,Adidas,
footwear-men-11,Puma Men's Street Sneakers,footwear,men footwear,Puma,
footwear-men-12,Reebok Men's Comfort Sandals,footwear,men footwear,Reebok,
footwear-men-13,New Balance Men's Everyday Slippers,footwear,men footwear,New Balance,
footwear-men-14,Skechers Men's Trail Boots,footwear,men footwear,Skechers,
footwear-men-15,Clarks Men's Sports Trainers,footwear,men footwear,Clarks,
footwear-men-16,Bata Men's Canvas Sneakers,footwear,men footwear,Bata,
footwear-men-17,Nike Men's Running Shoes,footwear,men footwear,Nike,
footwear-men-18,Adidas Men's Classic Leather Shoes,footwear,men footwear,Adidas,
footwear-men-19,Puma Men's Street Sneakers,footwear,men footwear,Puma,
footwear-men-20,Reebok Men's Comfort Sandals,footwear,men footwear,Reebok,
footwear-men-21,New Balance Men's Everyday Slippers,footwear,men footwear,New Balance,
footwear-men-22,Skechers Men's Trail Boots,footwear,men footwear,Skechers,
footwear-men-23,Clarks Men's Sports Trainers,footwear,men footwear,Clarks,
footwear-men-24,Bata Men's Canvas Sneakers,footwear,men footwear,Bata,
footwear-men-25,Nike Men's Running Shoes,footwear,men footwear,Nike,
footwear-men-26,Adidas Men's Classic Leather Shoes,footwear,men footwear,Adidas,
footwear-men-27,Puma Men's Street Sneakers,footwear,men footwear,Puma,
footwear-men-28,Reebok Men's Comfort Sandals,footwear,men footwear,Reebok,
footwear-men-29,New Balance Men's Everyday Slippers,footwear,men footwear,New Balance,
footwear-men-30,Skechers Men's Trail Boots,footwear,men footwear,Skechers,
footwear-men-31,Clarks Men's Sports Trainers,footwear,men footwear,Clarks,
footwear-men-32,Bata Men's Canvas Sneakers,footwear,men footwear,Bata,
footwear-men-33,Nike Men's Running Shoes,footwear,men footwear,Nike,
footwear-men-34,Adidas Men's Classic Leather Shoes,footwear,men footwear,Adidas,
footwear-men-35,Puma Men's Street Sneakers,footwear,men footwear,Puma,
footwear-women-1,Nike Women's Running Shoes,footwear,women footwear,Nike,
footwear-women-2,Adidas Women's Classic Leather Heels,footwear,women footwear,Adidas,
footwear-women-3,Puma Women's Street Sneakers,footwear,women footwear,Puma,
footwear-women-4,Aldo Women's Comfort Sandals,footwear,women footwear,Aldo,
footwear-women-5,Charles & Keith Women's Everyday Slippers,footwear,women footwear,Charles & Keith,
footwear-women-6,Steve Madden Women's Ankle Boots,footwear,women footwear,Steve Madden,
footwear-women-7,Clarks Women's Court Shoes,footwear,women footwear,Clarks,
footwear-women-8,Skechers Women's Platform Sandals,footwear,women footwear,Skechers,
footwear-women-9,Nike Women's Running Shoes,footwear,women footwear,Nike,
footwear-women-10,Adidas Women's Classic Leather Heels,footwear,women footwear,Adidas,
footwear-women-11,Puma Women's Street Sneakers,footwear,women footwear,Puma,
footwear-women-12,Aldo Women's Comfort Sandals,footwear,women footwear,Aldo,
footwear-women-13,Charles & Keith Women's Everyday Slippers,footwear,women footwear,Charles & Keith,
footwear-women-14,Steve Madden Women's Ankle Boots,footwear,women footwear,Steve Madden,
footwear-women-15,Clarks Women's Court Shoes,footwear,women footwear,Clarks,
footwear-women-16,Skechers Women's Platform Sandals,footwear,women footwear,Skechers,
footwear-women-17,Nike Women's Running Shoes,footwear,women footwear,Nike,
footwear-women-18,Adidas Women's Classic Leather Heels,footwear,women footwear,Adidas,
footwear-women-19,Puma Women's Street Sneakers,footwear,women footwear,Puma,
footwear-women-20,Aldo Women's Comfort Sandals,footwear,women footwear,Aldo,
footwear-women-21,Charles & Keith Women's Everyday Slippers,footwear,women footwear,Charles & Keith,
footwear-women-22,Steve Madden Women's Ankle Boots,footwear,women footwear,Steve Madden,
footwear-women-23,Clarks Women's Court Shoes,footwear,women footwear,Clarks,
footwear-women-24,Skechers Women's Platform Sandals,footwear,women footwear,Skechers,
footwear-women-25,Nike Women's Running Shoes,footwear,women footwear,Nike,
footwear-women-26,Adidas Women's Classic Leather Heels,footwear,women footwear,Adidas,
footwear-women-27,Puma Women's Street Sneakers,footwear,women footwear,Puma,
footwear-women-28,Aldo Women's Comfort Sandals,footwear,women footwear,Aldo,
footwear-women-29,Charles & Keith Women's Everyday Slippers,footwear,women footwear,Charles & Keith,
footwear-women-30,Steve Madden Women's Ankle Boots,footwear,women footwear,Steve Madden,
footwear-women-31,Clarks Women's Court Shoes,footwear,women footwear,Clarks,
footwear-women-32,Skechers Women's Platform Sandals,footwear,women footwear,Skechers,
footwear-women-33,Nike Women's Running Shoes,footwear,women footwear,Nike,
footwear-women-34,Adidas Women's Classic Leather Heels,footwear,women footwear,Adidas,
footwear-women-35,Puma Women's Street Sneakers,footwear,women footwear,Puma,
footwear-kids-1,Nike Kids Kids Running Shoes,footwear,kids footwear,Nike Kids,
footwear-kids-2,Adidas Kids Kids Sneakers,footwear,kids footwear,Adidas Kids,
footwear-kids-3,Puma Kids Kids Sandals,footwear,kids footwear,Puma Kids,
footwear-kids-4,Skechers Kids Kids Slippers,footwear,kids footwear,Skechers Kids,
footwear-kids-5,Nike Kids Kids School Shoes,footwear,kids footwear,Nike Kids,
footwear-kids-6,Adidas Kids Kids Sports Shoes,footwear,kids footwear,Adidas Kids,
footwear-kids-7,Puma Kids Kids Running Shoes,footwear,kids footwear,Puma Kids,
footwear-kids-8,Skechers Kids Kids Sneakers,footwear,kids footwear,Skechers Kids,
footwear-kids-9,Nike Kids Kids Sandals,footwear,kids footwear,Nike Kids,
footwear-kids-10,Adidas Kids Kids Slippers,footwear,kids footwear,Adidas Kids,
footwear-kids-11,Puma Kids Kids School Shoes,footwear,kids footwear,Puma Kids,
footwear-kids-12,Skechers Kids Kids Sports Shoes,footwear,kids footwear,Skechers Kids,
footwear-kids-13,Nike Kids Kids Running Shoes,footwear,kids footwear,Nike Kids,
footwear-kids-14,Adidas Kids Kids Sneakers,footwear,kids footwear,Adidas Kids,
footwear-kids-15,Puma Kids Kids Sandals,footwear,kids footwear,Puma Kids,
footwear-kids-16,Skechers Kids Kids Slippers,footwear,kids footwear,Skechers Kids,
footwear-kids-17,Nike Kids Kids School Shoes,footwear,kids footwear,Nike Kids,
footwear-kids-18,Adidas Kids Kids Sports Shoes,footwear,kids footwear,Adidas Kids,
footwear-kids-19,Puma Kids Kids Running Shoes,footwear,kids footwear,Puma Kids,
footwear-kids-20,Skechers Kids Kids Sneakers,footwear,kids footwear,Skechers Kids,
electronics-smartphones-1,Apple iPhone,electronics,smartphones,Apple,
electronics-smartphones-2,Samsung Galaxy Smartphone,electronics,smartphones,Samsung,
electronics-smartphones-3,Sony Pixel Smartphone,electronics,smartphones,Sony,
electronics-smartphones-4,OnePlus Reno Smartphone,electronics,smartphones,OnePlus,
electronics-smartphones-5,Google OnePlus Smartphone,electronics,smartphones,Google,
electronics-smartphones-6,Lenovo Xperia Smartphone,electronics,smartphones,Lenovo,
electronics-smartphones-7,HP Moto Smartphone,electronics,smartphones,HP,
electronics-smartphones-8,Dell Nord Smartphone,electronics,smartphones,Dell,
electronics-smartphones-9,Asus iPhone,electronics,smartphones,Asus,
electronics-smartphones-10,JBL Galaxy Smartphone,electronics,smartphones,JBL,
electronics-smartphones-11,Logitech Pixel Smartphone,electronics,smartphones,Logitech,
electronics-smartphones-12,Canon Reno Smartphone,electronics,smartphones,Canon,
electronics-smartphones-13,Apple OnePlus Smartphone,electronics,smartphones,Apple,
electronics-smartphones-14,Samsung Xperia Smartphone,electronics,smartphones,Samsung,
electronics-smartphones-15,Sony Moto Smartphone,electronics,smartphones,Sony,
electronics-smartphones-16,OnePlus Nord Smartphone,electronics,smartphones,OnePlus,
electronics-smartphones-17,Google iPhone,electronics,smartphones,Google,
electronics-smartphones-18,Lenovo Galaxy Smartphone,electronics,smartphones,Lenovo,
electronics-smartphones-19,HP Pixel Smartphone,electronics,smartphones,HP,
electronics-smartphones-20,Dell Reno Smartphone,electronics,smartphones,Dell,
electronics-smartphones-21,Asus OnePlus Smartphone,electronics,smartphones,Asus,
electronics-smartphones-22,JBL Xperia Smartphone,electronics,smartphones,JBL,
electronics-smartphones-23,Logitech Moto Smartphone,electronics,smartphones,Logitech,
electronics-smartphones-24,Canon Nord Smartphone,electronics,smartphones,Canon,
electronics-smartphones-25,Apple iPhone,electronics,smartphones,Apple,
electronics-smartphones-26,Samsung Galaxy Smartphone,electronics,smartphones,Samsung,
electronics-smartphones-27,Sony Pixel Smartphone,electronics,smartphones,Sony,
electronics-smartphones-28,OnePlus Reno Smartphone,electronics,smartphones,OnePlus,
electronics-smartphones-29,Google OnePlus Smartphone,electronics,smartphones,Google,
electronics-smartphones-30,Lenovo Xperia Smartphone,electronics,smartphones,Lenovo,
electronics-smartphones-31,HP Moto Smartphone,electronics,smartphones,HP,
electronics-smartphones-32,Dell Nord Smartphone,electronics,smartphones,Dell,
electronics-smartphones-33,Asus iPhone,electronics,smartphones,Asus,
electronics-smartphones-34,JBL Galaxy Smartphone,electronics,smartphones,JBL,
electronics-smartphones-35,Logitech Pixel Smartphone,electronics,smartphones,Logitech,
electronics-smartphones-36,Canon Reno Smartphone,electronics,smartphones,Canon,
electronics-smartphones-37,Apple OnePlus Smartphone,electronics,smartphones,Apple,
electronics-smartphones-38,Samsung Xperia Smartphone,electronics,smartphones,Samsung,
electronics-smartphones-39,Sony Moto Smartphone,electronics,smartphones,Sony,
electronics-smartphones-40,OnePlus Nord Smartphone,electronics,smartphones,OnePlus,
electronics-smartphones-41,Google iPhone,electronics,smartphones,Google,
electronics-smartphones-42,Lenovo Galaxy Smartphone,electronics,smartphones,Lenovo,
electronics-smartphones-43,HP Pixel Smartphone,electronics,smartphones,HP,
electronics-smartphones-44,Dell Reno Smartphone,electronics,smartphones,Dell,
electronics-smartphones-45,Asus OnePlus Smartphone,electronics,smartphones,Asus,
electronics-smartphones-46,JBL Xperia Smartphone,electronics,smartphones,JBL,
electronics-smartphones-47,Logitech Moto Smartphone,electronics,smartphones,Logitech,
electronics-smartphones-48,Canon Nord Smartphone,electronics,smartphones,Canon,
electronics-smartphones-49,Apple iPhone,electronics,smartphones,Apple,
electronics-smartphones-50,Samsung Galaxy Smartphone,electronics,smartphones,Samsung,
electronics-smartphones-51,Sony Pixel Smartphone,electronics,smartphones,Sony,
electronics-smartphones-52,OnePlus Reno Smartphone,electronics,smartphones,OnePlus,
electronics-smartphones-53,Google OnePlus Smartphone,electronics,smartphones,Google,
electronics-smartphones-54,Lenovo Xperia Smartphone,electronics,smartphones,Lenovo,
electronics-smartphones-55,HP Moto Smartphone,electronics,smartphones,HP,
electronics-smartphones-56,Dell Nord Smartphone,electronics,smartphones,Dell,
electronics-smartphones-57,Asus iPhone,electronics,smartphones,Asus,
electronics-smartphones-58,JBL Galaxy Smartphone,electronics,smartphones,JBL,
electronics-smartphones-59,Logitech Pixel Smartphone,electronics,smartphones,Logitech,
electronics-smartphones-60,Canon Reno Smartphone,electronics,smartphones,Canon,
electronics-smartphones-61,Apple OnePlus Smartphone,electronics,smartphones,Apple,
electronics-smartphones-62,Samsung Xperia Smartphone,electronics,smartphones,Samsung,
electronics-smartphones-63,Sony Moto Smartphone,electronics,smartphones,Sony,
electronics-smartphones-64,OnePlus Nord Smartphone,electronics,smartphones,OnePlus,
electronics-smartphones-65,Google iPhone,electronics,smartphones,Google,
electronics-smartphones-66,Lenovo Galaxy Smartphone,electronics,smartphones,Lenovo,
electronics-smartphones-67,HP Pixel Smartphone,electronics,smartphones,HP,
electronics-smartphones-68,Dell Reno Smartphone,electronics,smartphones,Dell,
electronics-smartphones-69,Asus OnePlus Smartphone,electronics,smartphones,Asus,
electronics-smartphones-70,JBL Xperia Smartphone,electronics,smartphones,JBL,
electronics-smartphones-71,Logitech Moto Smartphone,electronics,smartphones,Logitech,
electronics-smartphones-72,Canon Nord Smartphone,electronics,smartphones,Canon,
electronics-smartphones-73,Apple iPhone,electronics,smartphones,Apple,
electronics-smartphones-74,Samsung Galaxy Smartphone,electronics,smartphones,Samsung,
electronics-smartphones-75,Sony Pixel Smartphone,electronics,smartphones,Sony,
electronics-smartphones-76,OnePlus Reno Smartphone,electronics,smartphones,OnePlus,
electronics-smartphones-77,Google OnePlus Smartphone,electronics,smartphones,Google,
electronics-smartphones-78,Lenovo Xperia Smartphone,electronics,smartphones,Lenovo,
electronics-smartphones-79,HP Moto Smartphone,electronics,smartphones,HP,
electronics-smartphones-80,Dell Nord Smartphone,electronics,smartphones,Dell,
electronics-laptops-1,Apple MacBook Laptop,electronics,laptops,Apple,
electronics-laptops-2,Samsung Galaxy Book Laptop,electronics,laptops,Samsung,
electronics-laptops-3,Sony VAIO Laptop,electronics,laptops,Sony,
electronics-laptops-4,OnePlus ThinkPad Laptop,electronics,laptops,OnePlus,
electronics-laptops-5,Google IdeaPad Laptop,electronics,laptops,Google,
electronics-laptops-6,Lenovo Pavilion Laptop,electronics,laptops,Lenovo,
electronics-laptops-7,HP Inspiron Laptop,electronics,laptops,HP,
electronics-laptops-8,Dell ASUS Laptop,electronics,laptops,Dell,
electronics-laptops-9,Asus MacBook Laptop,electronics,laptops,Asus,
electronics-laptops-10,JBL Galaxy Book Laptop,electronics,laptops,JBL,
electronics-laptops-11,Logitech VAIO Laptop,electronics,laptops,Logitech,
electronics-laptops-12,Canon ThinkPad Laptop,electronics,laptops,Canon,
electronics-laptops-13,Apple IdeaPad Laptop,electronics,laptops,Apple,
electronics-laptops-14,Samsung Pavilion Laptop,electronics,laptops,Samsung,
electronics-laptops-15,Sony Inspiron Laptop,electronics,laptops,Sony,
electronics-laptops-16,OnePlus ASUS Laptop,electronics,laptops,OnePlus,
electronics-laptops-17,Google MacBook Laptop,electronics,laptops,Google,
electronics-laptops-18,Lenovo Galaxy Book Laptop,electronics,laptops,Lenovo,
electronics-laptops-19,HP VAIO Laptop,electronics,laptops,HP,
electronics-laptops-20,Dell ThinkPad Laptop,electronics,laptops,Dell,
electronics-laptops-21,Asus IdeaPad Laptop,electronics,laptops,Asus,
electronics-laptops-22,JBL Pavilion Laptop,electronics,laptops,JBL,
electronics-laptops-23,Logitech Inspiron Laptop,electronics,laptops,Logitech,
electronics-laptops-24,Canon ASUS Laptop,electronics,laptops,Canon,
electronics-laptops-25,Apple MacBook Laptop,electronics,laptops,Apple,
electronics-laptops-26,Samsung Galaxy Book Laptop,electronics,laptops,Samsung,
electronics-laptops-27,Sony VAIO Laptop,electronics,laptops,Sony,
electronics-laptops-28,OnePlus ThinkPad Laptop,electronics,laptops,OnePlus,
electronics-laptops-29,Google IdeaPad Laptop,electronics,laptops,Google,
electronics-laptops-30,Lenovo Pavilion Laptop,electronics,laptops,Lenovo,
electronics-laptops-31,HP Inspiron Laptop,electronics,laptops,HP,
electronics-laptops-32,Dell ASUS Laptop,electronics,laptops,Dell,
electronics-laptops-33,Asus MacBook Laptop,electronics,laptops,Asus,
electronics-laptops-34,JBL Galaxy Book Laptop,electronics,laptops,JBL,
electronics-laptops-35,Logitech VAIO Laptop,electronics,laptops,Logitech,
electronics-laptops-36,Canon ThinkPad Laptop,electronics,laptops,Canon,
electronics-laptops-37,Apple IdeaPad Laptop,electronics,laptops,Apple,
electronics-laptops-38,Samsung Pavilion Laptop,electronics,laptops,Samsung,
electronics-laptops-39,Sony Inspiron Laptop,electronics,laptops,Sony,
electronics-laptops-40,OnePlus ASUS Laptop,electronics,laptops,OnePlus,
electronics-laptops-41,Google MacBook Laptop,electronics,laptops,Google,
electronics-laptops-42,Lenovo Galaxy Book Laptop,electronics,laptops,Lenovo,
electronics-laptops-43,HP VAIO Laptop,electronics,laptops,HP,
electronics-laptops-44,Dell ThinkPad Laptop,electronics,laptops,Dell,
electronics-laptops-45,Asus IdeaPad Laptop,electronics,laptops,Asus,
electronics-laptops-46,JBL Pavilion Laptop,electronics,laptops,JBL,
electronics-laptops-47,Logitech Inspiron Laptop,electronics,laptops,Logitech,
electronics-laptops-48,Canon ASUS Laptop,electronics,laptops,Canon,
electronics-laptops-49,Apple MacBook Laptop,electronics,laptops,Apple,
electronics-laptops-50,Samsung Galaxy Book Laptop,electronics,laptops,Samsung,
electronics-tablets-1,Apple iPad Tablet,electronics,tablets,Apple,
electronics-tablets-2,Samsung Galaxy Tab,electronics,tablets,Samsung,
electronics-tablets-3,Sony Xiaomi Tablet,electronics,tablets,Sony,
electronics-tablets-4,OnePlus OnePlus Tablet,electronics,tablets,OnePlus,
electronics-tablets-5,Google Lenovo Tablet,electronics,tablets,Google,
electronics-tablets-6,Lenovo ASUS Tablet,electronics,tablets,Lenovo,
electronics-tablets-7,HP iPad Tablet,electronics,tablets,HP,
electronics-tablets-8,Dell Galaxy Tab,electronics,tablets,Dell,
electronics-tablets-9,Asus Xiaomi Tablet,electronics,tablets,Asus,
electronics-tablets-10,JBL OnePlus Tablet,electronics,tablets,JBL,
electronics-tablets-11,Logitech Lenovo Tablet,electronics,tablets,Logitech,
electronics-tablets-12,Canon ASUS Tablet,electronics,tablets,Canon,
electronics-tablets-13,Apple iPad Tablet,electronics,tablets,Apple,
electronics-tablets-14,Samsung Galaxy Tab,electronics,tablets,Samsung,
electronics-tablets-15,Sony Xiaomi Tablet,electronics,tablets,Sony,
electronics-tablets-16,OnePlus OnePlus Tablet,electronics,tablets,OnePlus,
electronics-tablets-17,Google Lenovo Tablet,electronics,tablets,Google,
electronics-tablets-18,Lenovo ASUS Tablet,electronics,tablets,Lenovo,
electronics-tablets-19,HP iPad Tablet,electronics,tablets,HP,
electronics-tablets-20,Dell Galaxy Tab,electronics,tablets,Dell,
electronics-tablets-21,Asus Xiaomi Tablet,electronics,tablets,Asus,
electronics-tablets-22,JBL OnePlus Tablet,electronics,tablets,JBL,
electronics-tablets-23,Logitech Lenovo Tablet,electronics,tablets,Logitech,
electronics-tablets-24,Canon ASUS Tablet,electronics,tablets,Canon,
electronics-tablets-25,Apple iPad Tablet,electronics,tablets,Apple,
electronics-tablets-26,Samsung Galaxy Tab,electronics,tablets,Samsung,
electronics-tablets-27,Sony Xiaomi Tablet,electronics,tablets,Sony,
electronics-tablets-28,OnePlus OnePlus Tablet,electronics,tablets,OnePlus,
electronics-tablets-29,Google Lenovo Tablet,electronics,tablets,Google,
electronics-tablets-30,Lenovo ASUS Tablet,electronics,tablets,Lenovo,
electronics-tablets-31,HP iPad Tablet,electronics,tablets,HP,
electronics-tablets-32,Dell Galaxy Tab,electronics,tablets,Dell,
electronics-tablets-33,Asus Xiaomi Tablet,electronics,tablets,Asus,
electronics-tablets-34,JBL OnePlus Tablet,electronics,tablets,JBL,
electronics-tablets-35,Logitech Lenovo Tablet,electronics,tablets,Logitech,
electronics-tablets-36,Canon ASUS Tablet,electronics,tablets,Canon,
electronics-tablets-37,Apple iPad Tablet,electronics,tablets,Apple,
electronics-tablets-38,Samsung Galaxy Tab,electronics,tablets,Samsung,
electronics-tablets-39,Sony Xiaomi Tablet,electronics,tablets,Sony,
electronics-tablets-40,OnePlus OnePlus Tablet,electronics,tablets,OnePlus,
electronics-televisions-1,Apple Bravia Smart TV,electronics,televisions,Apple,
electronics-televisions-2,Samsung Crystal UHD Smart TV,electronics,televisions,Samsung,
electronics-televisions-3,Sony OLED Smart TV,electronics,televisions,Sony,
electronics-televisions-4,OnePlus 4K Smart TV,electronics,televisions,OnePlus,
electronics-televisions-5,Google QLED Smart TV,electronics,televisions,Google,
electronics-televisions-6,Lenovo Google TV,electronics,televisions,Lenovo,
electronics-televisions-7,HP Bravia Smart TV,electronics,televisions,HP,
electronics-televisions-8,Dell Crystal UHD Smart TV,electronics,televisions,Dell,
electronics-televisions-9,Asus OLED Smart TV,electronics,televisions,Asus,
electronics-televisions-10,JBL 4K Smart TV,electronics,televisions,JBL,
electronics-televisions-11,Logitech QLED Smart TV,electronics,televisions,Logitech,
electronics-televisions-12,Canon Google TV,electronics,televisions,Canon,
electronics-televisions-13,Apple Bravia Smart TV,electronics,televisions,Apple,
electronics-televisions-14,Samsung Crystal UHD Smart TV,electronics,televisions,Samsung,
electronics-televisions-15,Sony OLED Smart TV,electronics,televisions,Sony,
electronics-televisions-16,OnePlus 4K Smart TV,electronics,televisions,OnePlus,
electronics-televisions-17,Google QLED Smart TV,electronics,televisions,Google,
electronics-televisions-18,Lenovo Google TV,electronics,televisions,Lenovo,
electronics-televisions-19,HP Bravia Smart TV,electronics,televisions,HP,
electronics-televisions-20,Dell Crystal UHD Smart TV,electronics,televisions,Dell,
electronics-televisions-21,Asus OLED Smart TV,electronics,televisions,Asus,
electronics-televisions-22,JBL 4K Smart TV,electronics,televisions,JBL,
electronics-televisions-23,Logitech QLED Smart TV,electronics,televisions,Logitech,
electronics-televisions-24,Canon Google TV,electronics,televisions,Canon,
electronics-televisions-25,Apple Bravia Smart TV,electronics,televisions,Apple,
electronics-televisions-26,Samsung Crystal UHD Smart TV,electronics,televisions,Samsung,
electronics-televisions-27,Sony OLED Smart TV,electronics,televisions,Sony,
electronics-televisions-28,OnePlus 4K Smart TV,electronics,televisions,OnePlus,
electronics-televisions-29,Google QLED Smart TV,electronics,televisions,Google,
electronics-televisions-30,Lenovo Google TV,electronics,televisions,Lenovo,
electronics-televisions-31,HP Bravia Smart TV,electronics,televisions,HP,
electronics-televisions-32,Dell Crystal UHD Smart TV,electronics,televisions,Dell,
electronics-televisions-33,Asus OLED Smart TV,electronics,televisions,Asus,
electronics-televisions-34,JBL 4K Smart TV,electronics,televisions,JBL,
electronics-televisions-35,Logitech QLED Smart TV,electronics,televisions,Logitech,
electronics-televisions-36,Canon Google TV,electronics,televisions,Canon,
electronics-televisions-37,Apple Bravia Smart TV,electronics,televisions,Apple,
electronics-televisions-38,Samsung Crystal UHD Smart TV,electronics,televisions,Samsung,
electronics-televisions-39,Sony OLED Smart TV,electronics,televisions,Sony,
electronics-televisions-40,OnePlus 4K Smart TV,electronics,televisions,OnePlus,
electronics-cameras-1,Apple Mirrorless Camera,electronics,cameras,Apple,
electronics-cameras-2,Samsung Digital Camera,electronics,cameras,Samsung,
electronics-cameras-3,Sony Action Camera,electronics,cameras,Sony,
electronics-cameras-4,OnePlus Vlog Camera,electronics,cameras,OnePlus,
electronics-cameras-5,Google Professional Camera,electronics,cameras,Google,
electronics-cameras-6,Lenovo Mirrorless Camera,electronics,cameras,Lenovo,
electronics-cameras-7,HP Digital Camera,electronics,cameras,HP,
electronics-cameras-8,Dell Action Camera,electronics,cameras,Dell,
electronics-cameras-9,Asus Vlog Camera,electronics,cameras,Asus,
electronics-cameras-10,JBL Professional Camera,electronics,cameras,JBL,
electronics-cameras-11,Logitech Mirrorless Camera,electronics,cameras,Logitech,
electronics-cameras-12,Canon Digital Camera,electronics,cameras,Canon,
electronics-cameras-13,Apple Action Camera,electronics,cameras,Apple,
electronics-cameras-14,Samsung Vlog Camera,electronics,cameras,Samsung,
electronics-cameras-15,Sony Professional Camera,electronics,cameras,Sony,
electronics-cameras-16,OnePlus Mirrorless Camera,electronics,cameras,OnePlus,
electronics-cameras-17,Google Digital Camera,electronics,cameras,Google,
electronics-cameras-18,Lenovo Action Camera,electronics,cameras,Lenovo,
electronics-cameras-19,HP Vlog Camera,electronics,cameras,HP,
electronics-cameras-20,Dell Professional Camera,electronics,cameras,Dell,
electronics-cameras-21,Asus Mirrorless Camera,electronics,cameras,Asus,
electronics-cameras-22,JBL Digital Camera,electronics,cameras,JBL,
electronics-cameras-23,Logitech Action Camera,electronics,cameras,Logitech,
electronics-cameras-24,Canon Vlog Camera,electronics,cameras,Canon,
electronics-cameras-25,Apple Professional Camera,electronics,cameras,Apple,
electronics-cameras-26,Samsung Mirrorless Camera,electronics,cameras,Samsung,
electronics-cameras-27,Sony Digital Camera,electronics,cameras,Sony,
electronics-cameras-28,OnePlus Action Camera,electronics,cameras,OnePlus,
electronics-cameras-29,Google Vlog Camera,electronics,cameras,Google,
electronics-cameras-30,Lenovo Professional Camera,electronics,cameras,Lenovo,
electronics-cameras-31,HP Mirrorless Camera,electronics,cameras,HP,
electronics-cameras-32,Dell Digital Camera,electronics,cameras,Dell,
electronics-cameras-33,Asus Action Camera,electronics,cameras,Asus,
electronics-cameras-34,JBL Vlog Camera,electronics,cameras,JBL,
electronics-cameras-35,Logitech Professional Camera,electronics,cameras,Logitech,
electronics-audio-1,Apple Wireless Headphones,electronics,audio,Apple,
electronics-audio-2,Samsung Noise Cancelling Headphones,electronics,audio,Samsung,
electronics-audio-3,Sony True Wireless Earbuds,electronics,audio,Sony,
electronics-audio-4,OnePlus Bluetooth Speaker,electronics,audio,OnePlus,
electronics-audio-5,Google Soundbar,electronics,audio,Google,
electronics-audio-6,Lenovo Wireless Earphones,electronics,audio,Lenovo,
electronics-audio-7,HP Wireless Headphones,electronics,audio,HP,
electronics-audio-8,Dell Noise Cancelling Headphones,electronics,audio,Dell,
electronics-audio-9,Asus True Wireless Earbuds,electronics,audio,Asus,
electronics-audio-10,JBL Bluetooth Speaker,electronics,audio,JBL,
electronics-audio-11,Logitech Soundbar,electronics,audio,Logitech,
electronics-audio-12,Canon Wireless Earphones,electronics,audio,Canon,
electronics-audio-13,Apple Wireless Headphones,electronics,audio,Apple,
electronics-audio-14,Samsung Noise Cancelling Headphones,electronics,audio,Samsung,
electronics-audio-15,Sony True Wireless Earbuds,electronics,audio,Sony,
electronics-audio-16,OnePlus Bluetooth Speaker,electronics,audio,OnePlus,
electronics-audio-17,Google Soundbar,electronics,audio,Google,
electronics-audio-18,Lenovo Wireless Earphones,electronics,audio,Lenovo,
electronics-audio-19,HP Wireless Headphones,electronics,audio,HP,
electronics-audio-20,Dell Noise Cancelling Headphones,electronics,audio,Dell,
electronics-audio-21,Asus True Wireless Earbuds,electronics,audio,Asus,
electronics-audio-22,JBL Bluetooth Speaker,electronics,audio,JBL,
electronics-audio-23,Logitech Soundbar,electronics,audio,Logitech,
electronics-audio-24,Canon Wireless Earphones,electronics,audio,Canon,
electronics-audio-25,Apple Wireless Headphones,electronics,audio,Apple,
electronics-audio-26,Samsung Noise Cancelling Headphones,electronics,audio,Samsung,
electronics-audio-27,Sony True Wireless Earbuds,electronics,audio,Sony,
electronics-audio-28,OnePlus Bluetooth Speaker,electronics,audio,OnePlus,
electronics-audio-29,Google Soundbar,electronics,audio,Google,
electronics-audio-30,Lenovo Wireless Earphones,electronics,audio,Lenovo,
electronics-audio-31,HP Wireless Headphones,electronics,audio,HP,
electronics-audio-32,Dell Noise Cancelling Headphones,electronics,audio,Dell,
electronics-audio-33,Asus True Wireless Earbuds,electronics,audio,Asus,
electronics-audio-34,JBL Bluetooth Speaker,electronics,audio,JBL,
electronics-audio-35,Logitech Soundbar,electronics,audio,Logitech,
electronics-audio-36,Canon Wireless Earphones,electronics,audio,Canon,
electronics-audio-37,Apple Wireless Headphones,electronics,audio,Apple,
electronics-audio-38,Samsung Noise Cancelling Headphones,electronics,audio,Samsung,
electronics-audio-39,Sony True Wireless Earbuds,electronics,audio,Sony,
electronics-audio-40,OnePlus Bluetooth Speaker,electronics,audio,OnePlus,
electronics-audio-41,Google Soundbar,electronics,audio,Google,
electronics-audio-42,Lenovo Wireless Earphones,electronics,audio,Lenovo,
electronics-audio-43,HP Wireless Headphones,electronics,audio,HP,
electronics-audio-44,Dell Noise Cancelling Headphones,electronics,audio,Dell,
electronics-audio-45,Asus True Wireless Earbuds,electronics,audio,Asus,
electronics-audio-46,JBL Bluetooth Speaker,electronics,audio,JBL,
electronics-audio-47,Logitech Soundbar,electronics,audio,Logitech,
electronics-audio-48,Canon Wireless Earphones,electronics,audio,Canon,
electronics-audio-49,Apple Wireless Headphones,electronics,audio,Apple,
electronics-audio-50,Samsung Noise Cancelling Headphones,electronics,audio,Samsung,
electronics-audio-51,Sony True Wireless Earbuds,electronics,audio,Sony,
electronics-audio-52,OnePlus Bluetooth Speaker,electronics,audio,OnePlus,
electronics-audio-53,Google Soundbar,electronics,audio,Google,
electronics-audio-54,Lenovo Wireless Earphones,electronics,audio,Lenovo,
electronics-audio-55,HP Wireless Headphones,electronics,audio,HP,
electronics-computer-accessories-1,Apple Wireless Mouse,electronics,computer accessories,Apple,
electronics-computer-accessories-2,Samsung Mechanical Keyboard,electronics,computer accessories,Samsung,
electronics-computer-accessories-3,Sony USB-C Charger,electronics,computer accessories,Sony,
electronics-computer-accessories-4,OnePlus Laptop Stand,electronics,computer accessories,OnePlus,
electronics-computer-accessories-5,Google Webcam,electronics,computer accessories,Google,
electronics-computer-accessories-6,Lenovo USB Hub,electronics,computer accessories,Lenovo,
electronics-computer-accessories-7,HP External SSD,electronics,computer accessories,HP,
electronics-computer-accessories-8,Dell Wireless Mouse,electronics,computer accessories,Dell,
electronics-computer-accessories-9,Asus Mechanical Keyboard,electronics,computer accessories,Asus,
electronics-computer-accessories-10,JBL USB-C Charger,electronics,computer accessories,JBL,
electronics-computer-accessories-11,Logitech Laptop Stand,electronics,computer accessories,Logitech,
electronics-computer-accessories-12,Canon Webcam,electronics,computer accessories,Canon,
electronics-computer-accessories-13,Apple USB Hub,electronics,computer accessories,Apple,
electronics-computer-accessories-14,Samsung External SSD,electronics,computer accessories,Samsung,
electronics-computer-accessories-15,Sony Wireless Mouse,electronics,computer accessories,Sony,
electronics-computer-accessories-16,OnePlus Mechanical Keyboard,electronics,computer accessories,OnePlus,
electronics-computer-accessories-17,Google USB-C Charger,electronics,computer accessories,Google,
electronics-computer-accessories-18,Lenovo Laptop Stand,electronics,computer accessories,Lenovo,
electronics-computer-accessories-19,HP Webcam,electronics,computer accessories,HP,
electronics-computer-accessories-20,Dell USB Hub,electronics,computer accessories,Dell,
electronics-computer-accessories-21,Asus External SSD,electronics,computer accessories,Asus,
electronics-computer-accessories-22,JBL Wireless Mouse,electronics,computer accessories,JBL,
electronics-computer-accessories-23,Logitech Mechanical Keyboard,electronics,computer accessories,Logitech,
electronics-computer-accessories-24,Canon USB-C Charger,electronics,computer accessories,Canon,
electronics-computer-accessories-25,Apple Laptop Stand,electronics,computer accessories,Apple,
electronics-computer-accessories-26,Samsung Webcam,electronics,computer accessories,Samsung,
electronics-computer-accessories-27,Sony USB Hub,electronics,computer accessories,Sony,
electronics-computer-accessories-28,OnePlus External SSD,electronics,computer accessories,OnePlus,
electronics-computer-accessories-29,Google Wireless Mouse,electronics,computer accessories,Google,
electronics-computer-accessories-30,Lenovo Mechanical Keyboard,electronics,computer accessories,Lenovo,
electronics-computer-accessories-31,HP USB-C Charger,electronics,computer accessories,HP,
electronics-computer-accessories-32,Dell Laptop Stand,electronics,computer accessories,Dell,
electronics-computer-accessories-33,Asus Webcam,electronics,computer accessories,Asus,
electronics-computer-accessories-34,JBL USB Hub,electronics,computer accessories,JBL,
electronics-computer-accessories-35,Logitech External SSD,electronics,computer accessories,Logitech,
electronics-computer-accessories-36,Canon Wireless Mouse,electronics,computer accessories,Canon,
electronics-computer-accessories-37,Apple Mechanical Keyboard,electronics,computer accessories,Apple,
electronics-computer-accessories-38,Samsung USB-C Charger,electronics,computer accessories,Samsung,
electronics-computer-accessories-39,Sony Laptop Stand,electronics,computer accessories,Sony,
electronics-computer-accessories-40,OnePlus Webcam,electronics,computer accessories,OnePlus,
electronics-computer-accessories-41,Google USB Hub,electronics,computer accessories,Google,
electronics-computer-accessories-42,Lenovo External SSD,electronics,computer accessories,Lenovo,
electronics-computer-accessories-43,HP Wireless Mouse,electronics,computer accessories,HP,
electronics-computer-accessories-44,Dell Mechanical Keyboard,electronics,computer accessories,Dell,
electronics-computer-accessories-45,Asus USB-C Charger,electronics,computer accessories,Asus,
electronics-computer-accessories-46,JBL Laptop Stand,electronics,computer accessories,JBL,
electronics-computer-accessories-47,Logitech Webcam,electronics,computer accessories,Logitech,
electronics-computer-accessories-48,Canon USB Hub,electronics,computer accessories,Canon,
electronics-computer-accessories-49,Apple External SSD,electronics,computer accessories,Apple,
electronics-computer-accessories-50,Samsung Wireless Mouse,electronics,computer accessories,Samsung,
electronics-wearables-1,Apple Smartwatch,electronics,wearables,Apple,
electronics-wearables-2,Samsung Fitness Tracker,electronics,wearables,Samsung,
electronics-wearables-3,Sony GPS Smartwatch,electronics,wearables,Sony,
electronics-wearables-4,OnePlus Smartwatch,electronics,wearables,OnePlus,
electronics-wearables-5,Google Fitness Tracker,electronics,wearables,Google,
electronics-wearables-6,Lenovo GPS Smartwatch,electronics,wearables,Lenovo,
electronics-wearables-7,HP Smartwatch,electronics,wearables,HP,
electronics-wearables-8,Dell Fitness Tracker,electronics,wearables,Dell,
electronics-wearables-9,Asus GPS Smartwatch,electronics,wearables,Asus,
electronics-wearables-10,JBL Smartwatch,electronics,wearables,JBL,
electronics-wearables-11,Logitech Fitness Tracker,electronics,wearables,Logitech,
electronics-wearables-12,Canon GPS Smartwatch,electronics,wearables,Canon,
electronics-wearables-13,Apple Smartwatch,electronics,wearables,Apple,
electronics-wearables-14,Samsung Fitness Tracker,electronics,wearables,Samsung,
electronics-wearables-15,Sony GPS Smartwatch,electronics,wearables,Sony,
electronics-wearables-16,OnePlus Smartwatch,electronics,wearables,OnePlus,
electronics-wearables-17,Google Fitness Tracker,electronics,wearables,Google,
electronics-wearables-18,Lenovo GPS Smartwatch,electronics,wearables,Lenovo,
electronics-wearables-19,HP Smartwatch,electronics,wearables,HP,
electronics-wearables-20,Dell Fitness Tracker,electronics,wearables,Dell,
electronics-wearables-21,Asus GPS Smartwatch,electronics,wearables,Asus,
electronics-wearables-22,JBL Smartwatch,electronics,wearables,JBL,
electronics-wearables-23,Logitech Fitness Tracker,electronics,wearables,Logitech,
electronics-wearables-24,Canon GPS Smartwatch,electronics,wearables,Canon,
electronics-wearables-25,Apple Smartwatch,electronics,wearables,Apple,
electronics-gaming-1,Apple Gaming Console,electronics,gaming,Apple,
electronics-gaming-2,Samsung Gaming Controller,electronics,gaming,Samsung,
electronics-gaming-3,Sony Gaming Headset,electronics,gaming,Sony,
electronics-gaming-4,OnePlus Gaming Keyboard,electronics,gaming,OnePlus,
electronics-gaming-5,Google Gaming Console,electronics,gaming,Google,
electronics-gaming-6,Lenovo Gaming Controller,electronics,gaming,Lenovo,
electronics-gaming-7,HP Gaming Headset,electronics,gaming,HP,
electronics-gaming-8,Dell Gaming Keyboard,electronics,gaming,Dell,
electronics-gaming-9,Asus Gaming Console,electronics,gaming,Asus,
electronics-gaming-10,JBL Gaming Controller,electronics,gaming,JBL,
electronics-gaming-11,Logitech Gaming Headset,electronics,gaming,Logitech,
electronics-gaming-12,Canon Gaming Keyboard,electronics,gaming,Canon,
electronics-gaming-13,Apple Gaming Console,electronics,gaming,Apple,
electronics-gaming-14,Samsung Gaming Controller,electronics,gaming,Samsung,
electronics-gaming-15,Sony Gaming Headset,electronics,gaming,Sony,
electronics-gaming-16,OnePlus Gaming Keyboard,electronics,gaming,OnePlus,
electronics-gaming-17,Google Gaming Console,electronics,gaming,Google,
electronics-gaming-18,Lenovo Gaming Controller,electronics,gaming,Lenovo,
electronics-gaming-19,HP Gaming Headset,electronics,gaming,HP,
electronics-gaming-20,Dell Gaming Keyboard,electronics,gaming,Dell,
electronics-gaming-21,Asus Gaming Console,electronics,gaming,Asus,
electronics-gaming-22,JBL Gaming Controller,electronics,gaming,JBL,
electronics-gaming-23,Logitech Gaming Headset,electronics,gaming,Logitech,
electronics-gaming-24,Canon Gaming Keyboard,electronics,gaming,Canon,
electronics-gaming-25,Apple Gaming Console,electronics,gaming,Apple,
beauty-skincare-1,L'Oreal Hydrating Serum,beauty,skincare,L'Oreal,
beauty-skincare-2,Maybelline Daily Moisturizer,beauty,skincare,Maybelline,
beauty-skincare-3,Nivea Glow Face Cream,beauty,skincare,Nivea,
beauty-skincare-4,MAC Vitamin C Face Serum,beauty,skincare,MAC,
beauty-skincare-5,Clinique Gentle Cleanser,beauty,skincare,Clinique,
beauty-skincare-6,Estée Lauder Sunscreen Lotion,beauty,skincare,Estée Lauder,
beauty-skincare-7,The Body Shop Hydrating Serum,beauty,skincare,The Body Shop,
beauty-skincare-8,Lakme Daily Moisturizer,beauty,skincare,Lakme,
beauty-skincare-9,Dior Glow Face Cream,beauty,skincare,Dior,
beauty-skincare-10,Chanel Vitamin C Face Serum,beauty,skincare,Chanel,
beauty-skincare-11,L'Oreal Gentle Cleanser,beauty,skincare,L'Oreal,
beauty-skincare-12,Maybelline Sunscreen Lotion,beauty,skincare,Maybelline,
beauty-skincare-13,Nivea Hydrating Serum,beauty,skincare,Nivea,
beauty-skincare-14,MAC Daily Moisturizer,beauty,skincare,MAC,
beauty-skincare-15,Clinique Glow Face Cream,beauty,skincare,Clinique,
beauty-skincare-16,Estée Lauder Vitamin C Face Serum,beauty,skincare,Estée Lauder,
beauty-skincare-17,The Body Shop Gentle Cleanser,beauty,skincare,The Body Shop,
beauty-skincare-18,Lakme Sunscreen Lotion,beauty,skincare,Lakme,
beauty-makeup-1,L'Oreal Matte Lipstick,beauty,makeup,L'Oreal,
beauty-makeup-2,Maybelline Volume Mascara,beauty,makeup,Maybelline,
beauty-makeup-3,Nivea Liquid Foundation,beauty,makeup,Nivea,
beauty-makeup-4,MAC Blush Palette,beauty,makeup,MAC,
beauty-makeup-5,Clinique Makeup Kit,beauty,makeup,Clinique,
beauty-makeup-6,Estée Lauder Concealer Stick,beauty,makeup,Estée Lauder,
beauty-makeup-7,The Body Shop Matte Lipstick,beauty,makeup,The Body Shop,
beauty-makeup-8,Lakme Volume Mascara,beauty,makeup,Lakme,
beauty-makeup-9,Dior Liquid Foundation,beauty,makeup,Dior,
beauty-makeup-10,Chanel Blush Palette,beauty,makeup,Chanel,
beauty-makeup-11,L'Oreal Makeup Kit,beauty,makeup,L'Oreal,
beauty-makeup-12,Maybelline Concealer Stick,beauty,makeup,Maybelline,
beauty-makeup-13,Nivea Matte Lipstick,beauty,makeup,Nivea,
beauty-makeup-14,MAC Volume Mascara,beauty,makeup,MAC,
beauty-makeup-15,Clinique Liquid Foundation,beauty,makeup,Clinique,
beauty-makeup-16,Estée Lauder Blush Palette,beauty,makeup,Estée Lauder,
beauty-makeup-17,The Body Shop Makeup Kit,beauty,makeup,The Body Shop,
beauty-makeup-18,Lakme Concealer Stick,beauty,makeup,Lakme,
beauty-haircare-1,L'Oreal Repair Shampoo,beauty,haircare,L'Oreal,
beauty-haircare-2,Maybelline Nourishing Conditioner,beauty,haircare,Maybelline,
beauty-haircare-3,Nivea Hair Serum,beauty,haircare,Nivea,
beauty-haircare-4,MAC Hair Mask,beauty,haircare,MAC,
beauty-haircare-5,Clinique Anti-Dandruff Shampoo,beauty,haircare,Clinique,
beauty-haircare-6,Estée Lauder Hair Oil,beauty,haircare,Estée Lauder,
beauty-haircare-7,The Body Shop Repair Shampoo,beauty,haircare,The Body Shop,
beauty-haircare-8,Lakme Nourishing Conditioner,beauty,haircare,Lakme,
beauty-haircare-9,Dior Hair Serum,beauty,haircare,Dior,
beauty-haircare-10,Chanel Hair Mask,beauty,haircare,Chanel,
beauty-haircare-11,L'Oreal Anti-Dandruff Shampoo,beauty,haircare,L'Oreal,
beauty-haircare-12,Maybelline Hair Oil,beauty,haircare,Maybelline,
beauty-haircare-13,Nivea Repair Shampoo,beauty,haircare,Nivea,
beauty-haircare-14,MAC Nourishing Conditioner,beauty,haircare,MAC,
beauty-haircare-15,Clinique Hair Serum,beauty,haircare,Clinique,
beauty-haircare-16,Estée Lauder Hair Mask,beauty,haircare,Estée Lauder,
beauty-haircare-17,The Body Shop Anti-Dandruff Shampoo,beauty,haircare,The Body Shop,
beauty-haircare-18,Lakme Hair Oil,beauty,haircare,Lakme,
beauty-fragrance-1,L'Oreal Luxury Perfume,beauty,fragrance,L'Oreal,
beauty-fragrance-2,Maybelline Eau de Parfum,beauty,fragrance,Maybelline,
beauty-fragrance-3,Nivea Floral Fragrance,beauty,fragrance,Nivea,
beauty-fragrance-4,MAC Woody Cologne,beauty,fragrance,MAC,
beauty-fragrance-5,Clinique Fresh Eau de Toilette,beauty,fragrance,Clinique,
beauty-fragrance-6,Estée Lauder Luxury Perfume,beauty,fragrance,Estée Lauder,
beauty-fragrance-7,The Body Shop Eau de Parfum,beauty,fragrance,The Body Shop,
beauty-fragrance-8,Lakme Floral Fragrance,beauty,fragrance,Lakme,
beauty-fragrance-9,Dior Woody Cologne,beauty,fragrance,Dior,
beauty-fragrance-10,Chanel Fresh Eau de Toilette,beauty,fragrance,Chanel,
beauty-fragrance-11,L'Oreal Luxury Perfume,beauty,fragrance,L'Oreal,
beauty-fragrance-12,Maybelline Eau de Parfum,beauty,fragrance,Maybelline,
beauty-fragrance-13,Nivea Floral Fragrance,beauty,fragrance,Nivea,
beauty-fragrance-14,MAC Woody Cologne,beauty,fragrance,MAC,
beauty-fragrance-15,Clinique Fresh Eau de Toilette,beauty,fragrance,Clinique,
beauty-fragrance-16,Estée Lauder Luxury Perfume,beauty,fragrance,Estée Lauder,
beauty-fragrance-17,The Body Shop Eau de Parfum,beauty,fragrance,The Body Shop,
beauty-fragrance-18,Lakme Floral Fragrance,beauty,fragrance,Lakme,
toys-kids-toys-1,LEGO Building Blocks Set,toys,kids toys,LEGO,
toys-kids-toys-2,Mattel Remote Control Car,toys,kids toys,Mattel,
toys-kids-toys-3,Hasbro Plush Toy,toys,kids toys,Hasbro,
toys-kids-toys-4,Fisher-Price Doll Play Set,toys,kids toys,Fisher-Price,
toys-kids-toys-5,Ravensburger Magnetic Construction Set,toys,kids toys,Ravensburger,
toys-kids-toys-6,Spin Master Kids Pretend Play Set,toys,kids toys,Spin Master,
toys-kids-toys-7,LEGO Building Blocks Set,toys,kids toys,LEGO,
toys-kids-toys-8,Mattel Remote Control Car,toys,kids toys,Mattel,
toys-kids-toys-9,Hasbro Plush Toy,toys,kids toys,Hasbro,
toys-kids-toys-10,Fisher-Price Doll Play Set,toys,kids toys,Fisher-Price,
toys-kids-toys-11,Ravensburger Magnetic Construction Set,toys,kids toys,Ravensburger,
toys-kids-toys-12,Spin Master Kids Pretend Play Set,toys,kids toys,Spin Master,
toys-kids-toys-13,LEGO Building Blocks Set,toys,kids toys,LEGO,
toys-kids-toys-14,Mattel Remote Control Car,toys,kids toys,Mattel,
toys-kids-toys-15,Hasbro Plush Toy,toys,kids toys,Hasbro,
toys-kids-toys-16,Fisher-Price Doll Play Set,toys,kids toys,Fisher-Price,
toys-kids-toys-17,Ravensburger Magnetic Construction Set,toys,kids toys,Ravensburger,
toys-kids-toys-18,Spin Master Kids Pretend Play Set,toys,kids toys,Spin Master,
toys-kids-toys-19,LEGO Building Blocks Set,toys,kids toys,LEGO,
toys-kids-toys-20,Mattel Remote Control Car,toys,kids toys,Mattel,
toys-kids-toys-21,Hasbro Plush Toy,toys,kids toys,Hasbro,
toys-kids-toys-22,Fisher-Price Doll Play Set,toys,kids toys,Fisher-Price,
toys-kids-toys-23,Ravensburger Magnetic Construction Set,toys,kids toys,Ravensburger,
toys-kids-toys-24,Spin Master Kids Pretend Play Set,toys,kids toys,Spin Master,
toys-kids-toys-25,LEGO Building Blocks Set,toys,kids toys,LEGO,
toys-kids-toys-26,Mattel Remote Control Car,toys,kids toys,Mattel,
toys-kids-toys-27,Hasbro Plush Toy,toys,kids toys,Hasbro,
toys-kids-toys-28,Fisher-Price Doll Play Set,toys,kids toys,Fisher-Price,
toys-kids-toys-29,Ravensburger Magnetic Construction Set,toys,kids toys,Ravensburger,
toys-kids-toys-30,Spin Master Kids Pretend Play Set,toys,kids toys,Spin Master,
toys-kids-toys-31,LEGO Building Blocks Set,toys,kids toys,LEGO,
toys-kids-toys-32,Mattel Remote Control Car,toys,kids toys,Mattel,
toys-kids-toys-33,Hasbro Plush Toy,toys,kids toys,Hasbro,
toys-kids-toys-34,Fisher-Price Doll Play Set,toys,kids toys,Fisher-Price,
toys-kids-toys-35,Ravensburger Magnetic Construction Set,toys,kids toys,Ravensburger,
toys-educational-toys-1,LEGO Educational Puzzle,toys,educational toys,LEGO,
toys-educational-toys-2,Mattel Alphabet Learning Set,toys,educational toys,Mattel,
toys-educational-toys-3,Hasbro Math Learning Game,toys,educational toys,Hasbro,
toys-educational-toys-4,Fisher-Price Science Experiment Kit,toys,educational toys,Fisher-Price,
toys-educational-toys-5,Ravensburger STEM Building Set,toys,educational toys,Ravensburger,
toys-educational-toys-6,Spin Master Educational Puzzle,toys,educational toys,Spin Master,
toys-educational-toys-7,LEGO Alphabet Learning Set,toys,educational toys,LEGO,
toys-educational-toys-8,Mattel Math Learning Game,toys,educational toys,Mattel,
toys-educational-toys-9,Hasbro Science Experiment Kit,toys,educational toys,Hasbro,
toys-educational-toys-10,Fisher-Price STEM Building Set,toys,educational toys,Fisher-Price,
toys-educational-toys-11,Ravensburger Educational Puzzle,toys,educational toys,Ravensburger,
toys-educational-toys-12,Spin Master Alphabet Learning Set,toys,educational toys,Spin Master,
toys-educational-toys-13,LEGO Math Learning Game,toys,educational toys,LEGO,
toys-educational-toys-14,Mattel Science Experiment Kit,toys,educational toys,Mattel,
toys-educational-toys-15,Hasbro STEM Building Set,toys,educational toys,Hasbro,
toys-educational-toys-16,Fisher-Price Educational Puzzle,toys,educational toys,Fisher-Price,
toys-educational-toys-17,Ravensburger Alphabet Learning Set,toys,educational toys,Ravensburger,
toys-educational-toys-18,Spin Master Math Learning Game,toys,educational toys,Spin Master,
toys-educational-toys-19,LEGO Science Experiment Kit,toys,educational toys,LEGO,
toys-educational-toys-20,Mattel STEM Building Set,toys,educational toys,Mattel,
toys-board-games-1,LEGO Strategy Board Game,toys,board games,LEGO,
toys-board-games-2,Mattel Family Board Game,toys,board games,Mattel,
toys-board-games-3,Hasbro Dice Game,toys,board games,Hasbro,
toys-board-games-4,Fisher-Price Chess Board Game,toys,board games,Fisher-Price,
toys-board-games-5,Ravensburger Card Game,toys,board games,Ravensburger,
toys-board-games-6,Spin Master Strategy Board Game,toys,board games,Spin Master,
toys-board-games-7,LEGO Family Board Game,toys,board games,LEGO,
toys-board-games-8,Mattel Dice Game,toys,board games,Mattel,
toys-board-games-9,Hasbro Chess Board Game,toys,board games,Hasbro,
toys-board-games-10,Fisher-Price Card Game,toys,board games,Fisher-Price,
toys-board-games-11,Ravensburger Strategy Board Game,toys,board games,Ravensburger,
toys-board-games-12,Spin Master Family Board Game,toys,board games,Spin Master,
toys-board-games-13,LEGO Dice Game,toys,board games,LEGO,
toys-board-games-14,Mattel Chess Board Game,toys,board games,Mattel,
toys-board-games-15,Hasbro Card Game,toys,board games,Hasbro,
home-furniture-1,Dyson Modern Sofa,home,furniture,Dyson,
home-furniture-2,Philips Accent Chair,home,furniture,Philips,
home-furniture-3,IKEA Bedside Table,home,furniture,IKEA,
home-furniture-4,Bosch Dining Table,home,furniture,Bosch,
home-furniture-5,Samsung Storage Cabinet,home,furniture,Samsung,
home-furniture-6,LG Platform Bed,home,furniture,LG,
home-furniture-7,Godrej Modern Sofa,home,furniture,Godrej,
home-furniture-8,Havells Accent Chair,home,furniture,Havells,
home-furniture-9,Milton Bedside Table,home,furniture,Milton,
home-furniture-10,Prestige Dining Table,home,furniture,Prestige,
home-furniture-11,Dyson Storage Cabinet,home,furniture,Dyson,
home-furniture-12,Philips Platform Bed,home,furniture,Philips,
home-furniture-13,IKEA Modern Sofa,home,furniture,IKEA,
home-furniture-14,Bosch Accent Chair,home,furniture,Bosch,
home-furniture-15,Samsung Bedside Table,home,furniture,Samsung,
home-furniture-16,LG Dining Table,home,furniture,LG,
home-furniture-17,Godrej Storage Cabinet,home,furniture,Godrej,
home-furniture-18,Havells Platform Bed,home,furniture,Havells,
home-furniture-19,Milton Modern Sofa,home,furniture,Milton,
home-furniture-20,Prestige Accent Chair,home,furniture,Prestige,
home-furniture-21,Dyson Bedside Table,home,furniture,Dyson,
home-furniture-22,Philips Dining Table,home,furniture,Philips,
home-furniture-23,IKEA Storage Cabinet,home,furniture,IKEA,
home-furniture-24,Bosch Platform Bed,home,furniture,Bosch,
home-furniture-25,Samsung Modern Sofa,home,furniture,Samsung,
home-home-decor-1,Dyson Designer Vase,home,home decor,Dyson,
home-home-decor-2,Philips Wall Mirror,home,home decor,Philips,
home-home-decor-3,IKEA Decorative Lamp,home,home decor,IKEA,
home-home-decor-4,Bosch Table Decor,home,home decor,Bosch,
home-home-decor-5,Samsung Cushion Set,home,home decor,Samsung,
home-home-decor-6,LG Wall Art,home,home decor,LG,
home-home-decor-7,Godrej Designer Vase,home,home decor,Godrej,
home-home-decor-8,Havells Wall Mirror,home,home decor,Havells,
home-home-decor-9,Milton Decorative Lamp,home,home decor,Milton,
home-home-decor-10,Prestige Table Decor,home,home decor,Prestige,
home-home-decor-11,Dyson Cushion Set,home,home decor,Dyson,
home-home-decor-12,Philips Wall Art,home,home decor,Philips,
home-home-decor-13,IKEA Designer Vase,home,home decor,IKEA,
home-home-decor-14,Bosch Wall Mirror,home,home decor,Bosch,
home-home-decor-15,Samsung Decorative Lamp,home,home decor,Samsung,
home-home-decor-16,LG Table Decor,home,home decor,LG,
home-home-decor-17,Godrej Cushion Set,home,home decor,Godrej,
home-home-decor-18,Havells Wall Art,home,home decor,Havells,
home-home-decor-19,Milton Designer Vase,home,home decor,Milton,
home-home-decor-20,Prestige Wall Mirror,home,home decor,Prestige,
home-kitchen-accessories-1,Dyson Kitchen Mixer,home,kitchen accessories,Dyson,
home-kitchen-accessories-2,Philips Cookware Set,home,kitchen accessories,Philips,
home-kitchen-accessories-3,IKEA Dinner Set,home,kitchen accessories,IKEA,
home-kitchen-accessories-4,Bosch Knife Set,home,kitchen accessories,Bosch,
home-kitchen-accessories-5,Samsung Storage Container Set,home,kitchen accessories,Samsung,
home-kitchen-accessories-6,LG Electric Kettle,home,kitchen accessories,LG,
home-kitchen-accessories-7,Godrej Kitchen Mixer,home,kitchen accessories,Godrej,
home-kitchen-accessories-8,Havells Cookware Set,home,kitchen accessories,Havells,
home-kitchen-accessories-9,Milton Dinner Set,home,kitchen accessories,Milton,
home-kitchen-accessories-10,Prestige Knife Set,home,kitchen accessories,Prestige,
home-kitchen-accessories-11,Dyson Storage Container Set,home,kitchen accessories,Dyson,
home-kitchen-accessories-12,Philips Electric Kettle,home,kitchen accessories,Philips,
home-kitchen-accessories-13,IKEA Kitchen Mixer,home,kitchen accessories,IKEA,
home-kitchen-accessories-14,Bosch Cookware Set,home,kitchen accessories,Bosch,
home-kitchen-accessories-15,Samsung Dinner Set,home,kitchen accessories,Samsung,
home-kitchen-accessories-16,LG Knife Set,home,kitchen accessories,LG,
home-kitchen-accessories-17,Godrej Storage Container Set,home,kitchen accessories,Godrej,
home-kitchen-accessories-18,Havells Electric Kettle,home,kitchen accessories,Havells,
home-kitchen-accessories-19,Milton Kitchen Mixer,home,kitchen accessories,Milton,
home-kitchen-accessories-20,Prestige Cookware Set,home,kitchen accessories,Prestige,
home-kitchen-accessories-21,Dyson Dinner Set,home,kitchen accessories,Dyson,
home-kitchen-accessories-22,Philips Knife Set,home,kitchen accessories,Philips,
home-kitchen-accessories-23,IKEA Storage Container Set,home,kitchen accessories,IKEA,
home-kitchen-accessories-24,Bosch Electric Kettle,home,kitchen accessories,Bosch,
home-kitchen-accessories-25,Samsung Kitchen Mixer,home,kitchen accessories,Samsung,
accessories-1,Rolex Classic Watch 1,accessories,watches,Rolex,
accessories-2,Casio Leather Handbag ,accessories,bags,Casio,
accessories-3,Fossil Premium Backpack 3,accessories,jewelry,Fossil,
accessories-4,Michael Kors Designer Sunglasses 4,accessories,sunglasses,Michael Kors,
accessories-5,Coach Leather Wallet 5,accessories,wallets,Coach,
accessories-6,Ray-Ban Gold-tone Bracelet 6,accessories,watches,Ray-Ban,
accessories-7,Tissot Minimal Necklace 7,accessories,bags,Tissot,
accessories-8,Titan Classic Watch 8,accessories,jewelry,Titan,
accessories-9,Rolex Leather Handbag 9,accessories,sunglasses,Rolex,
accessories-10,Casio Premium Backpack 10,accessories,wallets,Casio,
accessories-11,Fossil Designer Sunglasses 11,accessories,watches,Fossil,
accessories-12,Michael Kors Leather Wallet 12,accessories,bags,Michael Kors,
accessories-13,Coach Gold-tone Bracelet 13,accessories,jewelry,Coach,
accessories-14,Ray-Ban Minimal Necklace 14,accessories,sunglasses,Ray-Ban,
accessories-15,Tissot Classic Watch 15,accessories,wallets,Tissot,
accessories-16,Titan Leather Handbag 16,accessories,watches,Titan,
accessories-17,Rolex Premium Backpack 17,accessories,bags,Rolex,
accessories-18,Casio Designer Sunglasses 18,accessories,jewelry,Casio,
accessories-19,Fossil Leather Wallet 19,accessories,sunglasses,Fossil,
accessories-20,Michael Kors Gold-tone Bracelet 20,accessories,wallets,Michael Kors,
accessories-21,Coach Minimal Necklace 21,accessories,watches,Coach,
accessories-22,Ray-Ban Classic Watch 22,accessories,bags,Ray-Ban,
accessories-23,Tissot Leather Handbag 23,accessories,jewelry,Tissot,
accessories-24,Titan Premium Backpack 24,accessories,sunglasses,Titan,
accessories-25,Rolex Designer Sunglasses 25,accessories,wallets,Rolex,
accessories-26,Casio Leather Wallet 26,accessories,watches,Casio,
accessories-27,Fossil Gold-tone Bracelet 27,accessories,bags,Fossil,
accessories-28,Michael Kors Minimal Necklace 28,accessories,jewelry,Michael Kors,
accessories-29,Coach Classic Watch 29,accessories,sunglasses,Coach,
accessories-30,Ray-Ban Leather Handbag 30,accessories,wallets,Ray-Ban,
accessories-31,Tissot Premium Backpack 31,accessories,watches,Tissot,
accessories-32,Titan Designer Sunglasses 32,accessories,bags,Titan,
accessories-33,Rolex Leather Wallet 33,accessories,jewelry,Rolex,
accessories-34,Casio Gold-tone Bracelet 34,accessories,sunglasses,Casio,
accessories-35,Fossil Minimal Necklace 35,accessories,wallets,Fossil,
accessories-36,Michael Kors Classic Watch 36,accessories,watches,Michael Kors,
accessories-37,Coach Leather Handbag 37,accessories,bags,Coach,
accessories-38,Ray-Ban Premium Backpack 38,accessories,jewelry,Ray-Ban,
accessories-39,Tissot Designer Sunglasses 39,accessories,sunglasses,Tissot,
accessories-40,Titan Leather Wallet 40,accessories,wallets,Titan,
accessories-41,Rolex Gold-tone Bracelet 41,accessories,watches,Rolex,
accessories-42,Casio Minimal Necklace 42,accessories,bags,Casio,
accessories-43,Fossil Classic Watch 43,accessories,jewelry,Fossil,
accessories-44,Michael Kors Leather Handbag 44,accessories,sunglasses,Michael Kors,
accessories-45,Coach Premium Backpack 45,accessories,wallets,Coach,
accessories-46,Ray-Ban Designer Sunglasses 46,accessories,watches,Ray-Ban,
accessories-47,Tissot Leather Wallet 47,accessories,bags,Tissot,
accessories-48,Titan Gold-tone Bracelet 48,accessories,jewelry,Titan,
accessories-49,Rolex Minimal Necklace 49,accessories,sunglasses,Rolex,
accessories-50,Casio Classic Watch 50,accessories,wallets,Casio,
accessories-51,Fossil Leather Handbag 51,accessories,watches,Fossil,
accessories-52,Michael Kors Premium Backpack 52,accessories,bags,Michael Kors,
accessories-53,Coach Designer Sunglasses 53,accessories,jewelry,Coach,
accessories-54,Ray-Ban Leather Wallet 54,accessories,sunglasses,Ray-Ban,
accessories-55,Tissot Gold-tone Bracelet 55,accessories,wallets,Tissot,
accessories-56,Titan Minimal Necklace 56,accessories,watches,Titan,
accessories-57,Rolex Classic Watch 57,accessories,bags,Rolex,
accessories-58,Casio Leather Handbag 58,accessories,jewelry,Casio,
accessories-59,Fossil Premium Backpack 59,accessories,sunglasses,Fossil,
accessories-60,Michael Kors Designer Sunglasses 60,accessories,wallets,Michael Kors,
sports-football-1,Nike Match Football,sports,football,Nike,
sports-football-2,Adidas Training Football,sports,football,Adidas,
sports-football-3,Puma Professional Football,sports,football,Puma,
sports-football-4,Yonex Club Football,sports,football,Yonex,
sports-football-5,Wilson Match Football,sports,football,Wilson,
sports-football-6,SG Training Football,sports,football,SG,
sports-football-7,SS Professional Football,sports,football,SS,
sports-football-8,Spalding Club Football,sports,football,Spalding,
sports-football-9,Decathlon Match Football,sports,football,Decathlon,
sports-football-10,Nivia Training Football,sports,football,Nivia,
sports-cricket-1,Nike Professional Cricket Bat,sports,cricket,Nike,
sports-cricket-2,Adidas Tournament Cricket Ball,sports,cricket,Adidas,
sports-cricket-3,Puma Cricket Batting Gloves,sports,cricket,Puma,
sports-cricket-4,Yonex Cricket Helmet,sports,cricket,Yonex,
sports-cricket-5,Wilson Professional Cricket Bat,sports,cricket,Wilson,
sports-cricket-6,SG Tournament Cricket Ball,sports,cricket,SG,
sports-cricket-7,SS Cricket Batting Gloves,sports,cricket,SS,
sports-cricket-8,Spalding Cricket Helmet,sports,cricket,Spalding,
sports-cricket-9,Decathlon Professional Cricket Bat,sports,cricket,Decathlon,
sports-cricket-10,Nivia Tournament Cricket Ball,sports,cricket,Nivia,
sports-cricket-11,Nike Cricket Batting Gloves,sports,cricket,Nike,
sports-cricket-12,Adidas Cricket Helmet,sports,cricket,Adidas,
sports-badminton-1,Nike Carbon Badminton Racket,sports,badminton,Nike,
sports-badminton-2,Adidas Badminton Shuttlecock Set,sports,badminton,Adidas,
sports-badminton-3,Puma Badminton Net,sports,badminton,Puma,
sports-badminton-4,Yonex Carbon Badminton Racket,sports,badminton,Yonex,
sports-badminton-5,Wilson Badminton Shuttlecock Set,sports,badminton,Wilson,
sports-badminton-6,SG Badminton Net,sports,badminton,SG,
sports-badminton-7,SS Carbon Badminton Racket,sports,badminton,SS,
sports-badminton-8,Spalding Badminton Shuttlecock Set,sports,badminton,Spalding,
sports-tennis-1,Nike Tennis Racket,sports,tennis,Nike,
sports-tennis-2,Adidas Tennis Ball Set,sports,tennis,Adidas,
sports-tennis-3,Puma Tennis Net,sports,tennis,Puma,
sports-tennis-4,Yonex Tennis Racket,sports,tennis,Yonex,
sports-tennis-5,Wilson Tennis Ball Set,sports,tennis,Wilson,
sports-tennis-6,SG Tennis Net,sports,tennis,SG,
sports-tennis-7,SS Tennis Racket,sports,tennis,SS,
sports-basketball-1,Nike Basketball Pro,sports,basketball,Nike,
sports-basketball-2,Adidas Basketball Training Ball,sports,basketball,Adidas,
sports-basketball-3,Puma Basketball Pro,sports,basketball,Puma,
sports-basketball-4,Yonex Basketball Training Ball,sports,basketball,Yonex,
sports-basketball-5,Wilson Basketball Pro,sports,basketball,Wilson,
sports-basketball-6,SG Basketball Training Ball,sports,basketball,SG,
